mutation_pdb,mutation_msa,RSA,sec_struct,pLDDT,gap_ratio,DDG_predicted,DDG_predicted_str,DDG_predicted_str+evol
VA47A:IA87A,V47A:I87A,12.94:6.18,H:H,91.44:98.38,0.3:0.24,3.680271,3.645998,3.680271
LA207A:AA327V,L207A:A327V,0.19:0.0,E:H,98.94:98.88,0.15:0.18,1.766955,2.229612,1.766955
VA47W:IA87W,V47W:I87W,12.94:6.18,H:H,91.44:98.38,0.3:0.24,2.455805,2.462565,2.455805
QA247E:RA287E:SA367A,Q247E:R287E:S367A,3.88:28.06:10.7,T:T:C,98.62:98.75:98.06,0.14:0.15:0.25,4.916691,4.262771,4.916691
PA167G:LA207G,P167G:L207G,17.23:0.19,H:E,97.44:98.94,0.18:0.15,3.749098,4.297882,3.749098
AA7D:SA6D,A7D:S6D,72.32:62.36,C:C,39.09:42.62,0.99:0.99,0.827463,0.616764,0.827463
VA127L:LA207I:IA87V,V127L:L207I:I87V,5.4:0.19:6.18,E:E:H,98.88:98.94:98.38,0.21:0.15:0.24,0.611988,0.744951,0.611988
RA287W:QA247W,R287W:Q247W,28.06:3.88,T:T,98.75:98.62,0.15:0.14,0.747192,0.551625,0.747192
AA327P:PA167A,A327P:P167A,0.0:17.23,H:H,98.88:97.44,0.18:0.18,3.373425,3.338573,3.373425
SA367K:RA407K,S367K:R407K,10.7:3.66,C:E,98.06:97.44,0.25:0.27,4.625017,4.630511,4.625017
VA47G:VA127G:LA207G:IA87G,V47G:V127G:L207G:I87G,12.94:5.4:0.19:6.18,H:E:E:H,91.44:98.88:98.94:98.38,0.3:0.21:0.15:0.24,11.999836,12.916094,11.999836
AA2S:LA3S:LA4S,A2S:L3S:L4S,63.9:75.97:72.11,C:C:C,42.09:38.38:37.5,0.99:0.99:0.99,-0.392314,-0.255428,-0.392314
HA5R:SA6R,H5R:S6R,70.96:62.36,C:C,43.38:42.62,0.99:0.99,-0.136640,0.312017,-0.136640
RA407D:QA247D,R407D:Q247D,3.66:3.88,E:T,97.44:98.62,0.27:0.14,6.095359,5.731482,6.095359
